0,-268.28
0.01,-268.28
0.02,-268.28
0.03,-268.28
0.04,-268.28
0.05,-268.28
0.06,-268.28
0.07,-268.28
0.08,-268.28
0.09,-268.28
0.1,-268.28
0.11,-268.28
0.12,-268.28
0.13,-268.28
0.14,-268.28
0.15,-268.28
0.16,-268.28
0.17,-268.28
0.18,-268.28
0.19,-268.28
0.2,-268.28
0.21,-268.28
0.22,-268.28
0.23,-268.28
0.24,-268.28
0.25,-268.28
0.26,-268.28
0.27,-268.28
0.28,-268.28
0.29,-268.28
0.3,-268.28
0.31,-268.28
0.32,-268.28
0.33,-268.28
0.34,-268.28
0.35,-268.28
0.36,-268.28
0.37,-268.28
0.38,-268.28
0.39,-268.28
0.4,-268.28
0.41,-268.28
0.42,-268.28
0.43,-268.28
0.44,-268.28
0.45,-268.28
0.46,-268.28
0.47,-268.28
0.48,-268.28
0.49,-268.28
0.5,-268.28
0.51,-268.28
0.52,-268.28
0.53,-268.28
0.54,-268.28
0.55,-268.28
0.56,-268.28
0.57,-268.28
0.58,-268.28
0.59,-268.28
0.6,-268.28
0.61,-268.28
0.62,-268.28
0.63,-268.28
0.64,-268.28
0.65,-268.28
0.66,-268.28
0.67,-268.28
0.68,-268.28
0.69,-268.28
0.7,-268.28
0.71,-268.28
0.72,-268.28
0.73,-268.28
0.74,-268.28
0.75,-268.28
0.76,-268.28
0.77,-268.28
0.78,-268.28
0.79,-268.28
0.8,-268.28
0.81,-268.28
0.82,-268.28
0.83,-268.28
0.84,-268.28
0.85,-268.28
0.86,-268.28
0.87,-268.28
0.88,-268.28
0.89,-268.28
0.9,-268.28
0.91,-268.28
0.92,-268.28
0.93,-268.28
0.94,-268.28
0.95,-268.28
0.96,-268.28
0.97,-268.28
0.98,-268.28
0.99,-268.28
1,-268.28
1.01,-268.28
1.02,-268.28
1.03,-268.28
1.04,-268.28
1.05,-268.28
1.06,-268.28
1.07,-268.28
1.08,-268.28
1.09,-268.28
1.1,-268.28
1.11,-268.28
1.12,-268.28
1.13,-268.28
1.14,-268.28
1.15,-268.28
1.16,-268.28
1.17,-268.28
1.18,-268.28
1.19,-268.28
1.2,-268.28
1.21,-268.28
1.22,-268.28
1.23,-268.28
1.24,-268.28
1.25,-268.28
1.26,-268.28
1.27,-268.28
1.28,-268.28
1.29,-268.28
1.3,-268.28
1.31,-268.28
1.32,-268.28
1.33,-268.28
1.34,-268.28
1.35,-268.28
1.36,-268.28
1.37,-268.28
1.38,-268.28
1.39,-268.28
1.4,-268.28
1.41,-268.28
1.42,-268.28
1.43,-268.28
1.44,-268.28
1.45,-268.28
1.46,-268.28
1.47,-268.28
1.48,-268.28
1.49,-268.28
1.5,-268.28
1.51,-268.28
1.52,-268.28
1.53,-268.28
1.54,-268.28
1.55,-268.28
1.56,-268.28
1.57,-268.28
1.58,-268.28
1.59,-268.28
1.6,-268.28
1.61,-268.28
1.62,-268.28
1.63,-268.28
1.64,-268.28
1.65,-268.28
1.66,-268.28
1.67,-268.28
1.68,-268.28
1.69,-268.28
1.7,-268.28
1.71,-268.28
1.72,-268.28
1.73,-268.28
1.74,-268.28
1.75,-268.28
1.76,-268.28
1.77,-268.28
1.78,-268.28
1.79,-268.28
1.8,-268.28
1.81,-268.28
1.82,-268.28
1.83,-268.28
1.84,-268.28
1.85,-268.28
1.86,-268.28
1.87,-268.28
1.88,-268.28
1.89,-268.28
1.9,-268.28
1.91,-268.28
1.92,-268.28
1.93,-268.28
1.94,-268.28
1.95,-268.28
1.96,-268.28
1.97,-268.28
1.98,-268.28
1.99,-268.28
2,-268.28
2.01,-268.28
2.02,-268.28
2.03,-268.28
2.04,-268.28
2.05,-268.28
2.06,-268.28
2.07,-268.28
2.08,-268.28
2.09,-268.28
2.1,-268.28
2.11,-268.28
2.12,-268.28
2.13,-268.28
2.14,-268.28
2.15,-268.28
2.16,-268.28
2.17,-268.28
2.18,-268.28
2.19,-268.28
2.2,-268.28
2.21,-268.28
2.22,-268.28
2.23,-268.28
2.24,-268.28
2.25,-268.28
2.26,-268.28
2.27,-268.28
2.28,-268.28
2.29,-268.28
2.3,-268.28
2.31,-268.28
2.32,-268.28
2.33,-268.28
2.34,-268.28
2.35,-268.28
2.36,-268.28
2.37,-268.28
2.38,-268.28
2.39,-268.28
2.4,-268.28
2.41,-268.28
2.42,-268.28
2.43,-268.28
2.44,-268.28
2.45,-268.28
2.46,-268.28
2.47,-268.28
2.48,-268.28
2.49,-268.28
2.5,-268.28
2.51,-268.28
2.52,-268.28
2.53,-268.28
2.54,-268.28
2.55,-268.28
2.56,-268.28
2.57,-268.28
2.58,-268.28
2.59,-268.28
2.6,-268.28
2.61,-268.28
2.62,-268.28
2.63,-268.28
2.64,-268.28
2.65,-268.28
2.66,-268.28
2.67,-268.28
2.68,-268.28
2.69,-268.28
2.7,-268.28
2.71,-268.28
2.72,-268.28
2.73,-268.28
2.74,-268.28
2.75,-268.28
2.76,-268.28
2.77,-268.28
2.78,-268.28
2.79,-268.28
2.8,-268.28
2.81,-268.28
2.82,-268.28
2.83,-268.28
2.84,-268.28
2.85,-268.28
2.86,-268.28
2.87,-268.28
2.88,-268.28
2.89,-268.28
2.9,-268.28
2.91,-268.28
2.92,-268.28
2.93,-268.28
2.94,-268.28
2.95,-268.28
2.96,-268.28
2.97,-268.28
2.98,-268.28
2.99,-268.28
3,-268.28
3.01,-268.28
3.02,-268.28
3.03,-268.28
3.04,-268.28
3.05,-268.28
3.06,-268.28
3.07,-268.28
3.08,-268.28
3.09,-268.28
3.1,-268.28
3.11,-268.28
3.12,-268.28
3.13,-268.28
3.14,-268.28
3.15,-268.28
3.16,-268.28
3.17,-268.28
3.18,-268.28
3.19,-268.28
3.2,-268.28
3.21,-268.28
3.22,-268.28
3.23,-268.28
3.24,-268.28
3.25,-268.28
3.26,-268.28
3.27,-268.28
3.28,-268.28
3.29,-268.28
3.3,-268.28
3.31,-268.28
3.32,-268.28
3.33,-268.28
3.34,-268.28
3.35,-268.28
3.36,-268.28
3.37,-268.28
3.38,-268.28
3.39,-268.28
3.4,-268.28
3.41,-268.28
3.42,-268.28
3.43,-268.28
3.44,-268.28
3.45,-268.28
3.46,-268.28
3.47,-268.28
3.48,-268.28
3.49,-268.28
3.5,-268.28
3.51,-268.28
3.52,-268.28
3.53,-268.28
3.54,-268.28
3.55,-268.28
3.56,-268.28
3.57,-268.28
3.58,-268.28
3.59,-268.28
3.6,-268.28
3.61,-268.28
3.62,-268.28
3.63,-268.28
3.64,-268.28
3.65,-268.28
3.66,-268.28
3.67,-268.28
3.68,-268.28
3.69,-268.28
3.7,-268.28
3.71,-268.28
3.72,-268.28
3.73,-268.28
3.74,-268.28
3.75,-268.28
3.76,-268.28
3.77,-268.28
3.78,-268.28
3.79,-268.28
3.8,-268.28
3.81,-268.28
3.82,-268.28
3.83,-268.28
3.84,-268.28
3.85,-268.28
3.86,-268.28
3.87,-268.28
3.88,-268.28
3.89,-268.28
3.9,-268.28
3.91,-268.28
3.92,-268.28
3.93,-268.28
3.94,-268.28
3.95,-268.28
3.96,-268.28
3.97,-268.28
3.98,-268.28
3.99,-268.28
4,-268.28
4.01,-268.28
4.02,-268.28
4.03,-268.28
4.04,-268.28
4.05,-268.28
4.06,-268.28
4.07,-268.28
4.08,-268.28
4.09,-268.28
4.1,-268.28
4.11,-268.28
4.12,-268.28
4.13,-268.28
4.14,-268.28
4.15,-268.28
4.16,-268.28
4.17,-268.28
4.18,-268.28
4.19,-268.28
4.2,-268.28
4.21,-268.28
4.22,-268.28
4.23,-268.28
4.24,-268.28
4.25,-268.28
4.26,-268.28
4.27,-268.28
4.28,-268.28
4.29,-268.28
4.3,-268.28
4.31,-268.28
4.32,-268.28
4.33,-268.28
4.34,-268.28
4.35,-268.28
4.36,-268.28
4.37,-268.28
4.38,-268.28
4.39,-268.28
4.4,-268.28
4.41,-268.28
4.42,-268.28
4.43,-268.28
4.44,-268.28
4.45,-268.28
4.46,-268.28
4.47,-268.28
4.48,-268.28
4.49,-268.28
4.5,-268.28
4.51,-268.28
4.52,-268.28
4.53,-268.28
4.54,-268.28
4.55,-268.28
4.56,-268.28
4.57,-268.28
4.58,-268.28
4.59,-268.28
4.6,-268.28
4.61,-268.28
4.62,-268.28
4.63,-268.28
4.64,-268.28
4.65,-268.28
4.66,-268.28
4.67,-268.28
4.68,-268.28
4.69,-268.28
4.7,-268.28
4.71,-268.28
4.72,-268.28
4.73,-268.28
4.74,-268.28
4.75,-268.28
4.76,-268.28
4.77,-268.28
4.78,-268.28
4.79,-268.28
4.8,-268.28
4.81,-268.28
4.82,-268.28
4.83,-268.28
4.84,-268.28
4.85,-268.28
4.86,-268.28
4.87,-268.28
4.88,-268.28
4.89,-268.28
4.9,-268.28
4.91,-268.28
4.92,-268.28
4.93,-268.28
4.94,-268.28
4.95,-268.28
4.96,-268.28
4.97,-268.28
4.98,-268.28
4.99,-268.28
5,-268.28
5.01,-268.28
5.02,-268.28
5.03,-268.28
5.04,-268.28
5.05,-268.28
5.06,-268.28
5.07,-268.28
5.08,-268.28
5.09,-268.28
5.1,-268.28
5.11,-268.28
5.12,-268.28
5.13,-268.28
5.14,-268.28
5.15,-268.28
5.16,-268.28
5.17,-268.28
5.18,-268.28
5.19,-268.28
5.2,-268.28
5.21,-268.28
5.22,-268.28
5.23,-268.28
5.24,-268.28
5.25,-268.28
5.26,-268.28
5.27,-268.28
5.28,-268.28
5.29,-268.28
5.3,-268.28
5.31,-268.28
5.32,-268.28
5.33,-268.28
5.34,-268.28
5.35,-268.28
5.36,-268.28
5.37,-268.28
5.38,-268.28
5.39,-268.28
5.4,-268.28
5.41,-268.28
5.42,-268.28
5.43,-268.28
5.44,-268.28
5.45,-268.28
5.46,-268.28
5.47,-268.28
5.48,-268.28
5.49,-268.28
5.5,-268.28
5.51,-268.28
5.52,-268.28
5.53,-268.28
5.54,-268.28
5.55,-268.28
5.56,-268.28
5.57,-268.28
5.58,-268.28
5.59,-268.28
5.6,-268.28
5.61,-268.28
5.62,-268.28
5.63,-268.28
5.64,-268.28
5.65,-268.28
5.66,-268.28
5.67,-268.28
5.68,-268.28
5.69,-268.28
5.7,-268.28
5.71,-268.28
5.72,-268.28
5.73,-268.28
5.74,-268.28
5.75,-268.28
5.76,-268.28
5.77,-268.28
5.78,-268.28
5.79,-268.28
5.8,-268.28
5.81,-268.28
5.82,-268.28
5.83,-268.28
5.84,-268.28
5.85,-268.28
5.86,-268.28
5.87,-268.28
5.88,-268.28
5.89,-268.28
5.9,-268.28
5.91,-268.28
5.92,-268.28
5.93,-268.28
5.94,-268.28
5.95,-268.28
5.96,-268.28
5.97,-268.28
5.98,-268.28
5.99,-268.28
6,-268.28
6.01,-268.28
6.02,-268.28
6.03,-268.28
6.04,-268.28
6.05,-268.28
6.06,-268.28
6.07,-268.28
6.08,-268.28
6.09,-268.28
6.1,-268.28
6.11,-268.28
6.12,-268.28
6.13,-268.28
6.14,-268.28
6.15,-268.28
6.16,-268.28
6.17,-201.5
6.18,-201.5
6.19,-201.5
6.2,-201.5
6.21,-201.5
6.22,-201.5
6.23,-201.5
6.24,-201.5
6.25,-201.5
6.26,-201.5
6.27,-201.5
6.28,-201.5
6.29,-201.5
6.3,-201.5
6.31,-201.5
6.32,-201.5
6.33,-201.5
6.34,-201.5
6.35,-201.5
6.36,-201.5
6.37,-201.5
6.38,-201.5
6.39,-201.5
6.4,-201.5
6.41,-201.5
6.42,-201.5
6.43,-201.5
6.44,-201.5
6.45,-201.5
6.46,-201.5
6.47,-201.5
6.48,-201.5
6.49,-201.5
6.5,-201.5
6.51,-201.5
6.52,-201.5
6.53,-201.5
6.54,-201.5
6.55,-201.5
6.56,-201.5
6.57,-201.5
6.58,-201.5
6.59,-201.5
6.6,-201.5
6.61,-201.5
6.62,-201.5
6.63,-201.5
6.64,-201.5
6.65,-201.5
6.66,-201.5
6.67,-201.5
6.68,-201.5
6.69,-201.5
6.7,-201.5
6.71,-201.5
6.72,-201.5
6.73,-201.5
6.74,-201.5
6.75,-201.5
6.76,-201.5
6.77,-201.5
6.78,-201.5
6.79,-201.5
6.8,-201.5
6.81,-201.5
6.82,-201.5
6.83,-201.5
6.84,-201.5
6.85,-201.5
6.86,-201.5
6.87,-201.5
6.88,-201.5
6.89,-201.5
6.9,-201.5
6.91,-201.5
6.92,-201.5
6.93,-201.5
6.94,-201.5
6.95,-201.5
6.96,-201.5
6.97,-201.5
6.98,-201.5
6.99,-201.5
7,-201.5
7.01,-201.5
7.02,-201.5
7.03,-201.5
7.04,-201.5
7.05,-201.5
7.06,-201.5
7.07,-201.5
7.08,-201.5
7.09,-201.5
7.1,-201.5
7.11,-201.5
7.12,-201.5
7.13,-201.5
7.14,-201.5
7.15,-201.5
7.16,-201.5
7.17,-201.5
7.18,-201.5
7.19,-201.5
7.2,-201.5
7.21,-201.5
7.22,-201.5
7.23,-201.5
7.24,-201.5
7.25,-201.5
7.26,-201.5
7.27,-201.5
7.28,-201.5
7.29,-201.5
7.3,-201.5
7.31,-201.5
7.32,-201.5
7.33,-201.5
7.34,-201.5
7.35,-201.5
7.36,-201.5
7.37,-201.5
7.38,-201.5
7.39,-201.5
7.4,-201.5
7.41,-201.5
7.42,-201.5
7.43,-201.5
7.44,-201.5
7.45,-201.5
7.46,-201.5
7.47,-201.5
7.48,-201.5
7.49,-201.5
7.5,-201.5
7.51,-201.5
7.52,-201.5
7.53,-201.5
7.54,-201.5
7.55,-201.5
7.56,-201.5
7.57,-201.5
7.58,-201.5
7.59,-201.5
7.6,-201.5
7.61,-201.5
7.62,-201.5
7.63,-201.5
7.64,-201.5
7.65,-201.5
7.66,-201.5
7.67,-201.5
7.68,-201.5
7.69,-201.5
7.7,-201.5
7.71,-201.5
7.72,-201.5
7.73,-201.5
7.74,-201.5
7.75,-201.5
7.76,-201.5
7.77,-201.5
7.78,-201.5
7.79,-201.5
7.8,-201.5
7.81,-201.5
7.82,-201.5
7.83,-201.5
7.84,-201.5
7.85,-201.5
7.86,-201.5
7.87,-201.5
7.88,-201.5
7.89,-201.5
7.9,-201.5
7.91,-201.5
7.92,-201.5
7.93,-201.5
7.94,-201.5
7.95,-201.5
7.96,-201.5
7.97,-201.5
7.98,-201.5
7.99,-201.5
8,-201.5
8.01,-201.5
8.02,-201.5
8.03,-201.5
8.04,-201.5
8.05,-201.5
8.06,-201.5
8.07,-201.5
8.08,-201.5
8.09,-201.5
8.1,-201.5
8.11,-201.5
8.12,-201.5
8.13,-201.5
8.14,-201.5
8.15,-201.5
8.16,-201.5
8.17,-201.5
8.18,-201.5
8.19,-201.5
8.2,-201.5
8.21,-201.5
8.22,-201.5
8.23,-201.5
8.24,-201.5
8.25,-201.5
8.26,-201.5
8.27,-201.5
8.28,-201.5
8.29,-201.5
8.3,-201.5
8.31,-201.5
8.32,-201.5
8.33,-201.5
8.34,-201.5
8.35,-201.5
8.36,-201.5
8.37,-201.5
8.38,-201.5
8.39,-201.5
8.4,-201.5
8.41,-201.5
8.42,-201.5
8.43,-201.5
8.44,-201.5
8.45,-201.5
8.46,-201.5
8.47,-201.5
8.48,-201.5
8.49,-201.5
8.5,-201.5
8.51,-201.5
8.52,-201.5
8.53,-201.5
8.54,-201.5
8.55,-201.5
8.56,-201.5
8.57,-201.5
8.58,-201.5
8.59,-201.5
8.6,-201.5
8.61,-201.5
8.62,-201.5
8.63,-201.5
8.64,-201.5
8.65,-201.5
8.66,-201.5
8.67,-201.5
8.68,-201.5
8.69,-201.5
8.7,-201.5
8.71,-201.5
8.72,-201.5
8.73,-201.5
8.74,-201.5
8.75,-201.5
8.76,-201.5
8.77,-201.5
8.78,-201.5
8.79,-201.5
8.8,-201.5
8.81,-201.5
8.82,-201.5
8.83,-201.5
8.84,-201.5
8.85,-201.5
8.86,-201.5
8.87,-201.5
8.88,-201.5
8.89,-201.5
8.9,-201.5
8.91,-201.5
8.92,-201.5
8.93,-201.5
8.94,-201.5
8.95,-201.5
8.96,-201.5
8.97,-201.5
8.98,-201.5
8.99,-201.5
9,-201.5
9.01,-201.5
9.02,-201.5
9.03,-201.5
9.04,-201.5
9.05,-201.5
9.06,-201.5
9.07,-201.5
9.08,-201.5
9.09,-201.5
9.1,-201.5
9.11,-201.5
9.12,-201.5
9.13,-201.5
9.14,-201.5
9.15,-201.5
9.16,-201.5
9.17,-201.5
9.18,-201.5
9.19,-201.5
9.2,-201.5
9.21,-201.5
9.22,-201.5
9.23,-201.5
9.24,-201.5
9.25,-201.5
9.26,-201.5
9.27,-201.5
9.28,-201.5
9.29,-201.5
9.3,-201.5
9.31,-201.5
9.32,-201.5
9.33,-201.5
9.34,-201.5
9.35,-201.5
9.36,-201.5
9.37,-201.5
9.38,-201.5
9.39,-201.5
9.4,-201.5
9.41,-201.5
9.42,-201.5
9.43,-201.5
9.44,-201.5
9.45,-201.5
9.46,-201.5
9.47,-201.5
9.48,-201.5
9.49,-201.5
9.5,-201.5
9.51,-201.5
9.52,-201.5
9.53,-201.5
9.54,-201.5
9.55,-201.5
9.56,-201.5
9.57,-201.5
9.58,-201.5
9.59,-201.5
9.6,-201.5
9.61,-201.5
9.62,-201.5
9.63,-201.5
9.64,-201.5
9.65,-201.5
9.66,-201.5
9.67,-201.5
9.68,-201.5
9.69,-201.5
9.7,-201.5
9.71,-201.5
9.72,-201.5
9.73,-201.5
9.74,-201.5
9.75,-201.5
9.76,-201.5
9.77,-201.5
9.78,-201.5
9.79,-201.5
9.8,-201.5
9.81,-201.5
9.82,-201.5
9.83,-201.5
9.84,-201.5
9.85,-201.5
9.86,-201.5
9.87,-201.5
9.88,-201.5
9.89,-201.5
9.9,-201.5
9.91,-201.5
9.92,-201.5
9.93,-201.5
9.94,-201.5
9.95,-201.5
9.96,-201.5
9.97,-201.5
9.98,-201.5
9.99,-201.5
10,-201.5
10.01,-201.5
10.02,-201.5
10.03,-201.5
10.04,-201.5
10.05,-201.5
10.06,-201.5
10.07,-201.5
10.08,-201.5
10.09,-201.5
10.1,-201.5
10.11,-201.5
10.12,-201.5
10.13,-201.5
10.14,-201.5
10.15,-201.5
10.16,-201.5
10.17,-201.5
10.18,-201.5
10.19,-201.5
10.2,-201.5
10.21,-201.5
10.22,-201.5
10.23,-201.5
10.24,-201.5
10.25,-201.5
10.26,-201.5
10.27,-201.5
10.28,-201.5
10.29,-201.5
10.3,-201.5
10.31,-201.5
10.32,-201.5
10.33,-201.5
10.34,-201.5
10.35,-201.5
10.36,-201.5
10.37,-201.5
10.38,-201.5
10.39,-201.5
10.4,-201.5
10.41,-201.5
10.42,-201.5
10.43,-201.5
10.44,-201.5
10.45,-201.5
10.46,-201.5
10.47,-201.5
10.48,-201.5
10.49,-201.5
10.5,-201.5
10.51,-201.5
10.52,-201.5
10.53,-201.5
10.54,-201.5
10.55,-201.5
10.56,-201.5
10.57,-201.5
10.58,-201.5
10.59,-201.5
10.6,-201.5
10.61,-201.5
10.62,-201.5
10.63,-201.5
10.64,-201.5
10.65,-201.5
10.66,-201.5
10.67,-201.5
10.68,-201.5
10.69,-201.5
10.7,-201.5
10.71,-201.5
10.72,-201.5
10.73,-201.5
10.74,-201.5
10.75,-201.5
10.76,-201.5
10.77,-201.5
10.78,-201.5
10.79,-201.5
10.8,-201.5
10.81,-201.5
10.82,-201.5
10.83,-201.5
10.84,-201.5
10.85,-201.5
10.86,-201.5
10.87,-201.5
10.88,-201.5
10.89,-201.5
10.9,-201.5
10.91,-201.5
10.92,-201.5
10.93,-201.5
10.94,-201.5
10.95,-201.5
10.96,-201.5
10.97,-201.5
10.98,-201.5
10.99,-201.5
11,-201.5
11.01,-201.5
11.02,-201.5
11.03,-201.5
11.04,-201.5
11.05,-201.5
11.06,-201.5
11.07,-201.5
11.08,-201.5
11.09,-201.5
11.1,-201.5
11.11,-201.5
11.12,-201.5
11.13,-201.5
11.14,-201.5
11.15,-201.5
11.16,-201.5
11.17,-201.5
11.18,-201.5
11.19,-201.5
11.2,-201.5
11.21,-201.5
11.22,-201.5
11.23,-201.5
11.24,-201.5
11.25,-201.5
11.26,-201.5
11.27,-201.5
11.28,-201.5
11.29,-201.5
11.3,-201.5
11.31,-201.5
11.32,-201.5
11.33,-201.5
11.34,-201.5
11.35,-201.5
11.36,-201.5
11.37,-201.5
11.38,-201.5
11.39,-201.5
11.4,-201.5
11.41,-201.5
11.42,-201.5
11.43,-201.5
11.44,-201.5
11.45,-201.5
11.46,-201.5
11.47,-201.5
11.48,-201.5
11.49,-201.5
11.5,-201.5
11.51,-201.5
11.52,-201.5
11.53,-201.5
11.54,-201.5
11.55,-201.5
11.56,-201.5
11.57,-201.5
11.58,-201.5
11.59,-201.5
11.6,-201.5
11.61,-201.5
11.62,-201.5
11.63,-201.5
11.64,-201.5
11.65,-201.5
11.66,-201.5
11.67,-201.5
11.68,-201.5
11.69,-201.5
11.7,-201.5
11.71,-201.5
11.72,-201.5
11.73,-201.5
11.74,-201.5
11.75,-201.5
11.76,-201.5
11.77,-201.5
11.78,-201.5
11.79,-201.5
11.8,-201.5
11.81,-201.5
11.82,-201.5
11.83,-201.5
11.84,-201.5
11.85,-201.5
11.86,-201.5
11.87,-201.5
11.88,-201.5
11.89,-201.5
11.9,-201.5
11.91,-201.5
11.92,-201.5
11.93,-201.5
11.94,-201.5
11.95,-201.5
11.96,-201.5
11.97,-201.5
11.98,-201.5
11.99,-201.5
12,-201.5
12.01,-201.5
12.02,-201.5
12.03,-201.5
12.04,-201.5
12.05,-201.5
12.06,-201.5
12.07,-201.5
12.08,-201.5
12.09,-201.5
12.1,-201.5
12.11,-201.5
12.12,-201.5
12.13,-201.5
12.14,-201.5
12.15,-201.5
12.16,-201.5
12.17,-201.5
12.18,-201.5
12.19,-201.5
12.2,-201.5
12.21,-201.5
12.22,-201.5
12.23,-201.5
12.24,-201.5
12.25,-201.5
12.26,-201.5
12.27,-201.5
12.28,-201.5
12.29,-201.5
12.3,-201.5
12.31,-201.5
12.32,-201.5
12.33,-201.5
12.34,-201.5
12.35,-201.5
12.36,-201.5
12.37,-201.5
12.38,-201.5
12.39,-201.5
12.4,-201.5
12.41,-201.5
12.42,-201.5
12.43,-201.5
12.44,-201.5
12.45,-201.5
12.46,-201.5
12.47,-201.5
12.48,-201.5
12.49,-201.5
12.5,-201.5
12.51,-201.5
12.52,-201.5
12.53,-201.5
12.54,-201.5
12.55,-201.5
12.56,-201.5
12.57,-201.5
12.58,-201.5
12.59,-201.5
12.6,-201.5
12.61,-201.5
12.62,-201.5
12.63,-201.5
12.64,-201.5
12.65,-201.5
12.66,-201.5
12.67,-201.5
12.68,-201.5
12.69,-201.5
12.7,-201.5
12.71,-201.5
12.72,-201.5
12.73,-201.5
12.74,-201.5
12.75,-201.5
12.76,-201.5
12.77,-201.5
12.78,-201.5
12.79,-201.5
12.8,-201.5
12.81,-201.5
12.82,-201.5
12.83,-201.5
12.84,-201.5
12.85,-201.5
12.86,-201.5
12.87,-201.5
12.88,-201.5
12.89,-201.5
12.9,-201.5
12.91,-201.5
12.92,-201.5
12.93,-201.5
12.94,-201.5
12.95,-201.5
12.96,-201.5
12.97,-201.5
12.98,-201.5
12.99,-201.5
13,-201.5
13.01,-201.5
13.02,-201.5
13.03,-201.5
13.04,-201.5
13.05,-201.5
13.06,-201.5
13.07,-201.5
13.08,-201.5
13.09,-201.5
13.1,-201.5
13.11,-201.5
13.12,-201.5
13.13,-201.5
13.14,-201.5
13.15,-201.5
13.16,-201.5
13.17,-201.5
13.18,-201.5
13.19,-201.5
13.2,-201.5
13.21,-201.5
13.22,-201.5
13.23,-201.5
13.24,-201.5
13.25,-201.5
13.26,-201.5
13.27,-201.5
13.28,-201.5
13.29,-201.5
13.3,-201.5
13.31,-201.5
13.32,-201.5
13.33,-201.5
13.34,-201.5
13.35,-201.5
13.36,-201.5
13.37,-201.5
13.38,-201.5
13.39,-201.5
13.4,-201.5
13.41,-201.5
13.42,-201.5
13.43,-201.5
13.44,-201.5
13.45,-201.5
13.46,-201.5
13.47,-201.5
13.48,-201.5
13.49,-201.5
13.5,-201.5
13.51,-201.5
13.52,-201.5
13.53,-201.5
13.54,-201.5
13.55,-201.5
13.56,-201.5
13.57,-201.5
13.58,-201.5
13.59,-201.5
13.6,-201.5
13.61,-201.5
13.62,-201.5
13.63,-201.5
13.64,-201.5
13.65,-201.5
13.66,-201.5
13.67,-201.5
13.68,-201.5
13.69,-201.5
13.7,-201.5
13.71,-201.5
13.72,-201.5
13.73,-201.5
13.74,-201.5
13.75,-201.5
13.76,-201.5
13.77,-201.5
13.78,-201.5
13.79,-201.5
13.8,-201.5
13.81,-201.5
13.82,-201.5
13.83,-201.5
13.84,-201.5
13.85,-201.5
13.86,-201.5
13.87,-201.5
13.88,-201.5
13.89,-201.5
13.9,-201.5
13.91,-201.5
13.92,-201.5
13.93,-201.5
13.94,-201.5
13.95,-201.5
13.96,-201.5
13.97,-201.5
13.98,-201.5
13.99,-201.5
14,-201.5
14.01,-201.5
14.02,-201.5
14.03,-201.5
14.04,-201.5
14.05,-201.5
14.06,-201.5
14.07,-201.5
14.08,-201.5
14.09,-201.5
14.1,-201.5
14.11,-201.5
14.12,-201.5
14.13,-201.5
14.14,-201.5
14.15,-201.5
14.16,-201.5
14.17,-201.5
14.18,-201.5
14.19,-201.5
14.2,-201.5
14.21,-201.5
14.22,-201.5
14.23,-201.5
14.24,-201.5
14.25,-201.5
14.26,-201.5
14.27,-201.5
14.28,-201.5
14.29,-201.5
14.3,-201.5
14.31,-201.5
14.32,-201.5
14.33,-201.5
14.34,-201.5
14.35,-201.5
14.36,-201.5
14.37,-201.5
14.38,-201.5
14.39,-201.5
14.4,-201.5
14.41,-201.5
14.42,-201.5
14.43,-201.5
14.44,-201.5
14.45,-201.5
14.46,-201.5
14.47,-201.5
14.48,-201.5
14.49,-201.5
14.5,-201.5
14.51,-201.5
14.52,-201.5
14.53,-201.5
14.54,-201.5
14.55,-201.5
14.56,-201.5
14.57,-201.5
14.58,-201.5
14.59,-201.5
14.6,-201.5
14.61,-201.5
14.62,-201.5
14.63,-201.5
14.64,-201.5
14.65,-201.5
14.66,-201.5
14.67,-201.5
14.68,-201.5
14.69,-201.5
14.7,-201.5
14.71,-201.5
14.72,-201.5
14.73,-201.5
14.74,-201.5
14.75,-201.5
14.76,-201.5
14.77,-201.5
14.78,-201.5
14.79,-201.5
14.8,-201.5
14.81,-201.5
14.82,-201.5
14.83,-201.5
14.84,-201.5
14.85,-201.5
14.86,-201.5
14.87,-201.5
14.88,-201.5
14.89,-201.5
14.9,-201.5
14.91,-201.5
14.92,-201.5
14.93,-201.5
14.94,-201.5
14.95,-201.5
14.96,-201.5
14.97,-201.5
14.98,-201.5
14.99,-201.5
15,-201.5
15.01,-201.5
15.02,-201.5
15.03,-201.5
15.04,-201.5
15.05,-201.5
15.06,-201.5
15.07,-201.5
15.08,-201.5
15.09,-201.5
15.1,-201.5
15.11,-201.5
15.12,-201.5
15.13,-201.5
15.14,-201.5
15.15,-201.5
15.16,-201.5
15.17,-201.5
15.18,-201.5
15.19,-201.5
15.2,-201.5
15.21,-201.5
15.22,-201.5
15.23,-201.5
15.24,-201.5
15.25,-201.5
15.26,-201.5
15.27,-201.5
15.28,-201.5
15.29,-201.5
15.3,-201.5
15.31,-201.5
15.32,-201.5
15.33,-201.5
15.34,-201.5
15.35,-201.5
15.36,-201.5
15.37,-201.5
15.38,-201.5
15.39,-201.5
15.4,-201.5
15.41,-201.5
15.42,-201.5
15.43,-201.5
15.44,-201.5
15.45,-201.5
15.46,-201.5
15.47,-201.5
15.48,-201.5
15.49,-201.5
15.5,-201.5
15.51,-201.5
15.52,-201.5
15.53,-201.5
15.54,-201.5
15.55,-201.5
15.56,-201.5
15.57,-201.5
15.58,-201.5
15.59,-201.5
15.6,-201.5
15.61,-201.5
15.62,-201.5
15.63,-201.5
15.64,-201.5
15.65,-201.5
15.66,-201.5
15.67,-201.5
15.68,-201.5
15.69,-201.5
15.7,-201.5
15.71,-201.5
15.72,-201.5
15.73,-201.5
15.74,-201.5
15.75,-201.5
15.76,-201.5
15.77,-201.5
15.78,-201.5
15.79,-201.5
15.8,-201.5
15.81,-201.5
15.82,-201.5
15.83,-201.5
15.84,-201.5
15.85,-201.5
15.86,-201.5
15.87,-201.5
15.88,-201.5
15.89,-201.5
15.9,-201.5
15.91,-201.5
15.92,-201.5
15.93,-201.5
15.94,-201.5
15.95,-201.5
15.96,-201.5
15.97,-201.5
15.98,-201.5
15.99,-201.5
16,-201.5
16.01,-201.5
16.02,-201.5
16.03,-201.5
16.04,-201.5
16.05,-201.5
16.06,-201.5
16.07,-201.5
16.08,-201.5
16.09,-201.5
16.1,-201.5
16.11,-201.5
16.12,-201.5
16.13,-201.5
16.14,-201.5
16.15,-201.5
16.16,-201.5
16.17,-201.5
16.18,-201.5
16.19,-201.5
16.2,-201.5
16.21,-201.5
16.22,-201.5
16.23,-201.5
16.24,-201.5
16.25,-201.5
16.26,-201.5
16.27,-201.5
16.28,-201.5
16.29,-201.5
16.3,-201.5
16.31,-201.5
16.32,-201.5
16.33,-201.5
16.34,-201.5
16.35,-201.5
16.36,-201.5
16.37,-201.5
16.38,-201.5
16.39,-201.5
16.4,-201.5
16.41,-201.5
16.42,-201.5
16.43,-201.5
16.44,-201.5
16.45,-201.5
16.46,-201.5
16.47,-201.5
16.48,-201.5
16.49,-201.5
16.5,-201.5
16.51,-201.5
16.52,-201.5
16.53,-201.5
16.54,-201.5
16.55,-201.5
16.56,-201.5
16.57,-201.5
16.58,-201.5
16.59,-201.5
16.6,-201.5
16.61,-201.5
16.62,-201.5
16.63,-201.5
16.64,-201.5
16.65,-201.5
16.66,-201.5
16.67,-201.5
16.68,-201.5
16.69,-201.5
16.7,-201.5
16.71,-201.5
16.72,-201.5
16.73,-201.5
16.74,-201.5
16.75,-201.5
16.76,-201.5
16.77,-201.5
16.78,-201.5
16.79,-201.5
16.8,-201.5
16.81,-201.5
16.82,-201.5
16.83,-201.5
16.84,-201.5
16.85,-201.5
16.86,-201.5
16.87,-201.5
16.88,-201.5
16.89,-201.5
16.9,-201.5
16.91,-201.5
16.92,-201.5
16.93,-201.5
16.94,-201.5
16.95,-201.5
16.96,-201.5
16.97,-201.5
16.98,-201.5
16.99,-201.5
17,-201.5
17.01,-201.5
17.02,-201.5
17.03,-201.5
17.04,-201.5
17.05,-201.5
17.06,-201.5
17.07,-201.5
17.08,-201.5
17.09,-201.5
17.1,-201.5
17.11,-201.5
17.12,-201.5
17.13,-201.5
17.14,-201.5
17.15,-201.5
17.16,-201.5
17.17,-201.5
17.18,-201.5
17.19,-201.5
17.2,-201.5
17.21,-201.5
17.22,-201.5
17.23,-201.5
17.24,-201.5
17.25,-201.5
17.26,-201.5
17.27,-201.5
17.28,-201.5
17.29,-201.5
17.3,-201.5
17.31,-201.5
17.32,-201.5
17.33,-201.5
17.34,-201.5
17.35,-201.5
17.36,-201.5
17.37,-201.5
17.38,-201.5
17.39,-201.5
17.4,-201.5
17.41,-201.5
17.42,-201.5
17.43,-201.5
17.44,-201.5
17.45,-201.5
17.46,-201.5
17.47,-201.5
17.48,-201.5
17.49,-201.5
17.5,-201.5
17.51,-201.5
17.52,-201.5
17.53,-201.5
17.54,-201.5
17.55,-201.5
17.56,-201.5
17.57,-201.5
17.58,-201.5
17.59,-201.5
17.6,-201.5
17.61,-201.5
17.62,-201.5
17.63,-201.5
17.64,-201.5
17.65,-201.5
17.66,-201.5
17.67,-201.5
17.68,-201.5
17.69,-201.5
17.7,-201.5
17.71,-201.5
17.72,-201.5
17.73,-201.5
17.74,-201.5
17.75,-201.5
17.76,-201.5
17.77,-201.5
17.78,-201.5
17.79,-201.5
17.8,-201.5
17.81,-201.5
17.82,-201.5
17.83,-201.5
17.84,-201.5
17.85,-201.5
17.86,-201.5
17.87,-201.5
17.88,-201.5
17.89,-201.5
17.9,-201.5
17.91,-201.5
17.92,-201.5
17.93,-201.5
17.94,-201.5
17.95,-201.5
17.96,-201.5
17.97,-201.5
17.98,-201.5
17.99,-201.5
18,-201.5
18.01,-201.5
18.02,-201.5
18.03,-201.5
18.04,-201.5
18.05,-201.5
18.06,-201.5
18.07,-201.5
18.08,-201.5
18.09,-201.5
18.1,-201.5
18.11,-201.5
18.12,-201.5
18.13,-201.5
18.14,-201.5
18.15,-201.5
18.16,-201.5
18.17,-201.5
18.18,-201.5
18.19,-201.5
18.2,-201.5
18.21,-201.5
18.22,-201.5
18.23,-201.5
18.24,-201.5
18.25,-201.5
18.26,-201.5
18.27,-201.5
18.28,-201.5
18.29,-201.5
18.3,-201.5
18.31,-201.5
18.32,-201.5
18.33,-201.5
18.34,-201.5
18.35,-201.5
18.36,-201.5
18.37,-201.5
18.38,-201.5
18.39,-201.5
18.4,-201.5
18.41,-201.5
18.42,-201.5
18.43,-201.5
18.44,-201.5
18.45,-201.5
18.46,-201.5
18.47,-201.5
18.48,-201.5
18.49,-201.5
18.5,-201.5
18.51,-201.5
18.52,-201.5
18.53,-201.5
18.54,-201.5
18.55,-201.5
18.56,-201.5
18.57,-201.5
18.58,-201.5
18.59,-201.5
18.6,-201.5
18.61,-201.5
18.62,-201.5
18.63,-201.5
18.64,-201.5
18.65,-201.5
18.66,-201.5
18.67,-201.5
18.68,-201.5
18.69,-201.5
18.7,-201.5
18.71,-201.5
18.72,-201.5
18.73,-201.5
18.74,-201.5
18.75,-201.5
18.76,-201.5
18.77,-201.5
18.78,-201.5
18.79,-201.5
18.8,-201.5
18.81,-201.5
18.82,-201.5
18.83,-201.5
18.84,-201.5
18.85,-201.5
18.86,-201.5
18.87,-201.5
18.88,-201.5
18.89,-201.5
18.9,-201.5
18.91,-201.5
18.92,-201.5
18.93,-201.5
18.94,-201.5
18.95,-201.5
18.96,-201.5
18.97,-201.5
18.98,-201.5
18.99,-201.5
19,-201.5
19.01,-201.5
19.02,-201.5
19.03,-201.5
19.04,-201.5
19.05,-201.5
19.06,-201.5
19.07,-201.5
19.08,-201.5
19.09,-201.5
19.1,-201.5
19.11,-201.5
19.12,-201.5
19.13,-201.5
19.14,-201.5
19.15,-201.5
19.16,-201.5
19.17,-201.5
19.18,-201.5
19.19,-201.5
19.2,-201.5
19.21,-201.5
19.22,-201.5
19.23,-201.5
19.24,-201.5
19.25,-201.5
19.26,-201.5
19.27,-201.5
19.28,-201.5
19.29,-201.5
19.3,-201.5
19.31,-201.5
19.32,-201.5
19.33,-201.5
19.34,-201.5
19.35,-201.5
19.36,-201.5
19.37,-201.5
19.38,-201.5
19.39,-201.5
19.4,-201.5
19.41,-201.5
19.42,-201.5
19.43,-201.5
19.44,-201.5
19.45,-201.5
19.46,-201.5
19.47,-201.5
19.48,-201.5
19.49,-201.5
19.5,-201.5
19.51,-201.5
19.52,-201.5
19.53,-201.5
19.54,-201.5
19.55,-201.5
19.56,-201.5
19.57,-201.5
19.58,-201.5
19.59,-201.5
19.6,-201.5
19.61,-201.5
19.62,-201.5
19.63,-201.5
19.64,-201.5
19.65,-201.5
19.66,-201.5
19.67,-201.5
19.68,-201.5
19.69,-201.5
19.7,-201.5
19.71,-201.5
19.72,-201.5
19.73,-201.5
19.74,-201.5
19.75,-201.5
19.76,-201.5
19.77,-201.5
19.78,-201.5
19.79,-201.5
19.8,-201.5
19.81,-201.5
19.82,-201.5
19.83,-201.5
19.84,-201.5
19.85,-201.5
19.86,-201.5
19.87,-201.5
19.88,-201.5
19.89,-201.5
19.9,-201.5
19.91,-201.5
19.92,-201.5
19.93,-201.5
19.94,-201.5
19.95,-201.5
19.96,-201.5
19.97,-201.5
19.98,-201.5
19.99,-201.5
20,-201.5
20.01,-201.5
20.02,-201.5
20.03,-201.5
20.04,-201.5
20.05,-201.5
20.06,-201.5
20.07,-201.5
20.08,-201.5
20.09,-201.5
20.1,-201.5
20.11,-201.5
20.12,-201.5
20.13,-201.5
20.14,-201.5
20.15,-201.5
20.16,-201.5
20.17,-201.5
20.18,-201.5
20.19,-201.5
20.2,-201.5
20.21,-201.5
20.22,-201.5
20.23,-201.5
20.24,-201.5
20.25,-201.5
20.26,-201.5
20.27,-201.5
20.28,-201.5
20.29,-201.5
20.3,-201.5
20.31,-201.5
20.32,-201.5
20.33,-201.5
20.34,-201.5
20.35,-201.5
20.36,-201.5
20.37,-201.5
20.38,-201.5
20.39,-201.5
20.4,-201.5
20.41,-201.5
20.42,-201.5
20.43,-201.5
20.44,-201.5
20.45,-201.5
20.46,-201.5
20.47,-201.5
20.48,-201.5
20.49,-201.5
20.5,-201.5
20.51,-201.5
20.52,-201.5
20.53,-201.5
20.54,-201.5
20.55,-201.5
20.56,-201.5
20.57,-201.5
20.58,-201.5
20.59,-201.5
20.6,-201.5
20.61,-201.5
20.62,-201.5
20.63,-201.5
20.64,-201.5
20.65,-201.5
20.66,-201.5
20.67,-201.5
20.68,-201.5
20.69,-201.5
20.7,-201.5
20.71,-201.5
20.72,-201.5
20.73,-201.5
20.74,-201.5
20.75,-201.5
20.76,-201.5
20.77,-201.5
20.78,-201.5
20.79,-201.5
20.8,-201.5
20.81,-201.5
20.82,-201.5
20.83,-201.5
20.84,-201.5
20.85,-201.5
20.86,-201.5
20.87,-201.5
20.88,-201.5
20.89,-201.5
20.9,-201.5
20.91,-201.5
20.92,-201.5
20.93,-201.5
20.94,-201.5
20.95,-201.5
20.96,-201.5
20.97,-201.5
20.98,-201.5
20.99,-201.5
21,-201.5
21.01,-201.5
21.02,-201.5
21.03,-201.5
21.04,-201.5
21.05,-201.5
21.06,-201.5
21.07,-201.5
21.08,-201.5
21.09,-201.5
21.1,-201.5
21.11,-201.5
21.12,-201.5
21.13,-201.5
21.14,-201.5
21.15,-201.5
21.16,-201.5
21.17,-201.5
21.18,-201.5
21.19,-201.5
21.2,-201.5
21.21,-201.5
21.22,-201.5
21.23,-201.5
21.24,-201.5
21.25,-201.5
21.26,-201.5
21.27,-201.5
21.28,-201.5
21.29,-201.5
21.3,-201.5
21.31,-201.5
21.32,-201.5
21.33,-201.5
21.34,-201.5
21.35,-201.5
21.36,-201.5
21.37,-201.5
21.38,-201.5
21.39,-201.5
21.4,-201.5
21.41,-201.5
21.42,-201.5
21.43,-201.5
21.44,-201.5
21.45,-201.5
21.46,-201.5
21.47,-201.5
21.48,-201.5
21.49,-201.5
21.5,-201.5
21.51,-201.5
21.52,-201.5
21.53,-201.5
21.54,-201.5
21.55,-201.5
21.56,-201.5
21.57,-201.5
21.58,-201.5
21.59,-201.5
21.6,-201.5
21.61,-201.5
21.62,-201.5
21.63,-201.5
21.64,-201.5
21.65,-201.5
21.66,-201.5
21.67,-201.5
21.68,-201.5
21.69,-201.5
21.7,-201.5
21.71,-201.5
21.72,-201.5
21.73,-201.5
21.74,-201.5
21.75,-201.5
21.76,-201.5
21.77,-201.5
21.78,-201.5
21.79,-201.5
21.8,-201.5
21.81,-201.5
21.82,-201.5
21.83,-201.5
21.84,-201.5
21.85,-201.5
21.86,-201.5
21.87,-201.5
21.88,-201.5
21.89,-201.5
21.9,-201.5
21.91,-201.5
21.92,-201.5
21.93,-201.5
21.94,-201.5
21.95,-201.5
21.96,-201.5
21.97,-201.5
21.98,-201.5
21.99,-201.5
22,-201.5
22.01,-201.5
22.02,-201.5
22.03,-201.5
22.04,-201.5
22.05,-201.5
22.06,-201.5
22.07,-201.5
22.08,-201.5
22.09,-201.5
22.1,-201.5
22.11,-201.5
22.12,-201.5
22.13,-201.5
22.14,-201.5
22.15,-201.5
22.16,-201.5
22.17,-201.5
22.18,-201.5
22.19,-201.5
22.2,-201.5
22.21,-201.5
22.22,-201.5
22.23,-201.5
22.24,-201.5
22.25,-201.5
22.26,-201.5
22.27,-201.5
22.28,-201.5
22.29,-201.5
22.3,-201.5
22.31,-201.5
22.32,-201.5
22.33,-201.5
22.34,-201.5
22.35,-201.5
22.36,-201.5
22.37,-201.5
22.38,-201.5
22.39,-201.5
22.4,-201.5
22.41,-201.5
22.42,-201.5
22.43,-201.5
22.44,-201.5
22.45,-201.5
22.46,-201.5
22.47,-201.5
22.48,-201.5
22.49,-201.5
22.5,-201.5
22.51,-201.5
22.52,-201.5
22.53,-201.5
22.54,-201.5
22.55,-201.5
22.56,-201.5
22.57,-201.5
22.58,-201.5
22.59,-201.5
22.6,-201.5
22.61,-201.5
22.62,-201.5
22.63,-201.5
22.64,-201.5
22.65,-201.5
22.66,-201.5
22.67,-201.5
22.68,-201.5
22.69,-201.5
22.7,-201.5
22.71,-201.5
22.72,-201.5
22.73,-201.5
22.74,-201.5
22.75,-201.5
22.76,-201.5
22.77,-201.5
22.78,-201.5
22.79,-201.5
22.8,-201.5
22.81,-201.5
22.82,-201.5
22.83,-201.5
22.84,-201.5
22.85,-201.5
22.86,-201.5
22.87,-201.5
22.88,-201.5
22.89,-201.5
22.9,-201.5
22.91,-201.5
22.92,-201.5
22.93,-201.5
22.94,-201.5
22.95,-201.5
22.96,-201.5
22.97,-201.5
22.98,-201.5
22.99,-201.5
23,-201.5
23.01,-201.5
23.02,-201.5
23.03,-201.5
23.04,-201.5
23.05,-201.5
23.06,-201.5
23.07,-201.5
23.08,-201.5
23.09,-201.5
23.1,-201.5
23.11,-201.5
23.12,-201.5
23.13,-201.5
23.14,-201.5
23.15,-201.5
23.16,-201.5
23.17,-201.5
23.18,-201.5
23.19,-201.5
23.2,-201.5
23.21,-201.5
23.22,-201.5
23.23,-201.5
23.24,-201.5
23.25,-201.5
23.26,-201.5
23.27,-201.5
23.28,-201.5
23.29,-201.5
23.3,-201.5
23.31,-201.5
23.32,-201.5
23.33,-201.5
23.34,-201.5
23.35,-201.5
23.36,-201.5
23.37,-201.5
23.38,-201.5
23.39,-201.5
23.4,-201.5
23.41,-201.5
23.42,-201.5
23.43,-201.5
23.44,-201.5
23.45,-201.5
23.46,-201.5
23.47,-201.5
23.48,-201.5
23.49,-201.5
23.5,-201.5
23.51,-201.5
23.52,-201.5
23.53,-201.5
23.54,-201.5
23.55,-201.5
23.56,-201.5
23.57,-201.5
23.58,-201.5
23.59,-201.5
23.6,-201.5
23.61,-201.5
23.62,-201.5
23.63,-201.5
23.64,-201.5
23.65,-201.5
23.66,-201.5
23.67,-201.5
23.68,-201.5
23.69,-201.5
23.7,-201.5
23.71,-201.5
23.72,-201.5
23.73,-201.5
23.74,-201.5
23.75,-201.5
23.76,-201.5
23.77,-201.5
23.78,-201.5
23.79,-201.5
23.8,-201.5
23.81,-201.5
23.82,-201.5
23.83,-201.5
23.84,-201.5
23.85,-201.5
23.86,-201.5
23.87,-201.5
23.88,-201.5
23.89,-201.5
23.9,-201.5
23.91,-201.5
23.92,-201.5
23.93,-201.5
23.94,-201.5
23.95,-201.5
23.96,-201.5
23.97,-201.5
23.98,-201.5
23.99,-201.5
24,-201.5
24.01,-201.5
24.02,-201.5
24.03,-201.5
24.04,-201.5
24.05,-201.5
24.06,-201.5
24.07,-201.5
24.08,-201.5
24.09,-201.5
24.1,-201.5
24.11,-201.5
24.12,-201.5
24.13,-201.5
24.14,-201.5
24.15,-201.5
24.16,-201.5
24.17,-201.5
24.18,-201.5
24.19,-201.5
24.2,-201.5
24.21,-201.5
24.22,-201.5
24.23,-201.5
24.24,-201.5
24.25,-201.5
24.26,-201.5
24.27,-201.5
24.28,-201.5
24.29,-201.5
24.3,-201.5
24.31,-201.5
24.32,-201.5
24.33,-201.5
24.34,-201.5
24.35,-201.5
24.36,-201.5
24.37,-201.5
24.38,-201.5
24.39,-201.5
24.4,-201.5
24.41,-201.5
24.42,-201.5
24.43,-201.5
24.44,-201.5
24.45,-201.5
24.46,-201.5
24.47,-201.5
24.48,-201.5
24.49,-201.5
24.5,-201.5
24.51,-201.5
24.52,-201.5
24.53,-201.5
24.54,-201.5
24.55,-201.5
24.56,-201.5
24.57,-201.5
24.58,-201.5
24.59,-201.5
24.6,-201.5
24.61,-201.5
24.62,-201.5
24.63,-201.5
24.64,-201.5
24.65,-201.5
24.66,-201.5
24.67,-201.5
24.68,-201.5
24.69,-201.5
24.7,-201.5
24.71,-201.5
24.72,-201.5
24.73,-201.5
24.74,-201.5
24.75,-201.5
24.76,-201.5
24.77,-201.5
24.78,-201.5
24.79,-201.5
24.8,-201.5
24.81,-201.5
24.82,-201.5
24.83,-201.5
24.84,-201.5
24.85,-201.5
24.86,-201.5
24.87,-201.5
24.88,-201.5
24.89,-201.5
24.9,-201.5
24.91,-201.5
24.92,-201.5
24.93,-201.5
24.94,-201.5
24.95,-201.5
24.96,-201.5
24.97,-201.5
24.98,-201.5
24.99,-201.5
25,-201.5
25.01,-201.5
25.02,-201.5
25.03,-201.5
25.04,-201.5
25.05,-201.5
25.06,-201.5
25.07,-201.5
25.08,-201.5
25.09,-201.5
25.1,-201.5
25.11,-201.5
25.12,-201.5
25.13,-201.5
25.14,-201.5
25.15,-201.5
25.16,-201.5
25.17,-201.5
25.18,-201.5
25.19,-201.5
25.2,-201.5
25.21,-201.5
25.22,-201.5
25.23,-201.5
25.24,-201.5
25.25,-201.5
25.26,-201.5
25.27,-201.5
25.28,-201.5
25.29,-201.5
25.3,-201.5
25.31,-201.5
25.32,-201.5
25.33,-201.5
25.34,-201.5
25.35,-201.5
25.36,-201.5
25.37,-201.5
25.38,-201.5
25.39,-201.5
25.4,-201.5
25.41,-201.5
25.42,-201.5
25.43,-201.5
25.44,-201.5
25.45,-201.5
25.46,-201.5
25.47,-201.5
25.48,-201.5
25.49,-201.5
25.5,-201.5
25.51,-201.5
25.52,-201.5
25.53,-201.5
25.54,-201.5
25.55,-201.5
25.56,-201.5
25.57,-201.5
25.58,-201.5
25.59,-201.5
25.6,-201.5
25.61,-201.5
25.62,-201.5
25.63,-201.5
25.64,-201.5
25.65,-201.5
25.66,-201.5
25.67,-201.5
25.68,-201.5
25.69,-201.5
25.7,-201.5
25.71,-201.5
25.72,-201.5
25.73,-201.5
25.74,-201.5
25.75,-201.5
25.76,-201.5
25.77,-201.5
25.78,-201.5
25.79,-201.5
25.8,-201.5
25.81,-201.5
25.82,-201.5
25.83,-201.5
25.84,-201.5
25.85,-201.5
25.86,-201.5
25.87,-201.5
25.88,-201.5
25.89,-201.5
25.9,-201.5
25.91,-201.5
25.92,-201.5
25.93,-201.5
25.94,-201.5
25.95,-201.5
25.96,-201.5
25.97,-201.5
25.98,-201.5
25.99,-201.5
26,-201.5
26.01,-201.5
26.02,-201.5
26.03,-201.5
26.04,-201.5
26.05,-201.5
26.06,-201.5
26.07,-201.5
26.08,-201.5
26.09,-201.5
26.1,-201.5
26.11,-201.5
26.12,-201.5
26.13,-201.5
26.14,-201.5
26.15,-201.5
26.16,-201.5
26.17,-201.5
26.18,-201.5
26.19,-201.5
26.2,-201.5
26.21,-201.5
26.22,-201.5
26.23,-201.5
26.24,-201.5
26.25,-201.5
26.26,-201.5
26.27,-201.5
26.28,-201.5
26.29,-201.5
26.3,-201.5
26.31,-201.5
26.32,-201.5
26.33,-201.5
26.34,-201.5
26.35,-201.5
26.36,-201.5
26.37,-201.5
26.38,-201.5
26.39,-201.5
26.4,-201.5
26.41,-201.5
26.42,-201.5
26.43,-201.5
26.44,-201.5
26.45,-201.5
26.46,-201.5
26.47,-201.5
26.48,-201.5
26.49,-201.5
26.5,-201.5
26.51,-201.5
26.52,-201.5
26.53,-201.5
26.54,-201.5
26.55,-201.5
26.56,-201.5
26.57,-201.5
26.58,-201.5
26.59,-201.5
26.6,-201.5
26.61,-201.5
26.62,-201.5
26.63,-201.5
26.64,-201.5
26.65,-201.5
26.66,-201.5
26.67,-201.5
26.68,-201.5
26.69,-201.5
26.7,-201.5
26.71,-201.5
26.72,-201.5
26.73,-201.5
26.74,-201.5
26.75,-201.5
26.76,-201.5
26.77,-201.5
26.78,-201.5
26.79,-201.5
26.8,-201.5
26.81,-201.5
26.82,-201.5
26.83,-201.5
26.84,-201.5
26.85,-201.5
26.86,-201.5
26.87,-201.5
26.88,-201.5
26.89,-201.5
26.9,-201.5
26.91,-201.5
26.92,-201.5
26.93,-201.5
26.94,-201.5
26.95,-201.5
26.96,-201.5
26.97,-201.5
26.98,-201.5
26.99,-201.5
27,-201.5
27.01,-201.5
27.02,-201.5
27.03,-201.5
27.04,-201.5
27.05,-201.5
27.06,-201.5
27.07,-201.5
27.08,-201.5
27.09,-201.5
27.1,-201.5
27.11,-201.5
27.12,-201.5
27.13,-201.5
27.14,-201.5
27.15,-201.5
27.16,-201.5
27.17,-201.5
27.18,-201.5
27.19,-201.5
27.2,-201.5
27.21,-201.5
27.22,-201.5
27.23,-201.5
27.24,-201.5
27.25,-201.5
27.26,-201.5
27.27,-201.5
27.28,-201.5
27.29,-201.5
27.3,-201.5
27.31,-201.5
27.32,-201.5
27.33,-201.5
27.34,-201.5
27.35,-201.5
27.36,-201.5
27.37,-201.5
27.38,-201.5
27.39,-201.5
27.4,-201.5
27.41,-201.5
27.42,-201.5
27.43,-201.5
27.44,-201.5
27.45,-201.5
27.46,-201.5
27.47,-201.5
27.48,-201.5
27.49,-201.5
27.5,-201.5
27.51,-201.5
27.52,-201.5
27.53,-201.5
27.54,-201.5
27.55,-201.5
27.56,-201.5
27.57,-201.5
27.58,-201.5
27.59,-201.5
27.6,-201.5
27.61,-201.5
27.62,-201.5
27.63,-201.5
27.64,-201.5
27.65,-201.5
27.66,-201.5
27.67,-201.5
27.68,-201.5
27.69,-201.5
27.7,-201.5
27.71,-201.5
27.72,-201.5
27.73,-201.5
27.74,-201.5
27.75,-201.5
27.76,-201.5
27.77,-201.5
27.78,-201.5
27.79,-201.5
27.8,-201.5
27.81,-201.5
27.82,-201.5
27.83,-201.5
27.84,-201.5
27.85,-201.5
27.86,-201.5
27.87,-201.5
27.88,-201.5
27.89,-201.5
27.9,-201.5
27.91,-201.5
27.92,-201.5
27.93,-201.5
27.94,-201.5
27.95,-201.5
27.96,-201.5
